{
  "main.destiny_transform_1": {
    "sounds": [
      "destiny_transform_1"
    ],
    "category": "player"
  },
  "main.destiny_transform_2": {
    "sounds": [
      "destiny_transform_2"
    ],
    "category": "player"
  },
  "main.frost_breath_loop": {
    "sounds": [
      "frost_breath_loop"
    ],
    "category": "player"
  },
  "main.haha": {
    "sounds": [
      "haha"
    ],
    "category": "player"
  },
  "main.lazer1": {
    "sounds": [
      "lazer1"
    ],
    "category": "player"
  },
  "main.jump1": {
    "sounds": [
      "jump1"
    ],
    "category": "player"
  },
  "main.runing": {
    "sounds": [
      "runing"
    ],
    "category": "player"
  }
}
